Generation,AverageFitness
1,0.7937500000000001
2,0.046875
