Generation,AverageFitness
1,0.34750000000000003
2,0.55
3,0.6325000000000001
4,0.9775
5,0.66
6,0.96
7,0.8625
8,1.2275
9,1.0775000000000001
10,1.315
11,0.6775
12,0.875
13,1.2025000000000001
14,0.5525
15,0.7075
16,1.2775
17,0.615
18,1.0174999999999998
19,0.93
20,2.065
21,1.595
22,0.43499999999999994
23,1.2200000000000002
