Generation,Individual,Fitness,Score_Color_Line,Score_Proximity_Collisions,Score_Distance_Area,Collisions,genome
1,1,0.5903944444444443,0.9651666666666666,0.037333333333333336,0.0009444444444444445,5773,"[-0.35437436 -0.94675881  0.06821377 -0.09136768 -0.0317383   0.99494364
  0.56006368  0.23971573  0.75681365 -0.14961881  0.38692659  0.04056639
  0.71794085  0.91585439  0.44222122  0.49707462  0.31884588  0.57307505
 -0.66313471  0.61058577 -0.19375383  0.88084107 -0.51234846 -0.27104583
 -0.00556372 -0.44948871  0.29116359  0.67316283  0.6873135  -0.48198403
  0.27627061  0.51841861  0.43418687 -0.32449158]"
