Generation,Individual,Fitness,Score_Color_Line,Score_Proximity_Collisions,Score_Distance_Area,Collisions,genome
1,1,0,0.00016666666666666666,0.9998333333333334,0.0084847855966881,1,"[ 1.  -0.8  0.5 -0.5 -0.8  1.  -0.5  0.5  0.5 -1.   0.5 -1.   1.  -0.5
  1.  -0.5 -1.   0.5 -1.   0.5  0.1 -0.1  0.2 -0.2  0.8 -0.5 -0.5  0.8
  0.3 -0.3 -0.3  0.3  0.1  0.1]"
