Generation,Individual,Fitness,Score_Color_Line,Score_Proximity_Collisions,Score_Distance_Area,Collisions,genome
1,1,0.40001111111111115,0.0,1.0,0.00011111111111111112,0,"[ 0.47714878  0.58834967 -0.49447273  0.70065209  0.83295265  0.75407461
 -0.85187317  0.54420698  0.42036374  0.47014758 -0.71133932  0.12536675
 -0.17053366 -0.16013556  0.6132841  -0.80454518 -0.9920133  -0.24685382
 -0.13129605  0.80960431  0.47602337 -0.52380465 -0.74013519 -0.03656176
  0.19547297  0.21396262 -0.13656602  0.52697596 -0.60166257  0.96149126
 -0.90223004 -0.95642531 -0.41853386  0.08650523]"
