Generation,AverageFitness
1,0.08666666666666667
2,0.27666666666666667
3,1.335
4,3.0716666666666668
5,2.6333333333333337
6,3.3299999999999996
7,3.2483333333333335
8,3.2449999999999997
9,2.4099999999999997
